input_current_nA,cadence_frequency_Hz
1,10.97246591059337
11,115.1068213321619
21,216.4261059722421
31,316.6177190330365
41,415.6849711648659
51,513.9422090619805
61,611.3062649577522
71,708.4338356463892
81,804.8187072050077
91,900.6959046392936